{"cameraMode":{"drawMode":0,"name":"Shaded","section":"Shading Mode"},"sceneLighting":true,"audioPlay":false,"sceneViewState":{"showFog":false,"showMaterialUpdate":false,"showSkybox":false,"showFlares":false,"showImageEffects":false,"showParticleSystems":false},"in2DMode":false,"pivot":{"x":1698.184814453125,"y":28.327850341796876,"z":1940.201171875},"rotation":{"x":0.3317432105541229,"y":-0.5252249240875244,"z":0.23285183310508729,"w":0.7482557892799377},"size":32.0185432434082,"orthographic":false}