{"cameraMode":{"drawMode":0,"name":"Shaded","section":"Shading Mode"},"sceneLighting":true,"audioPlay":false,"sceneViewState":{"showFog":false,"showMaterialUpdate":false,"showSkybox":false,"showFlares":false,"showImageEffects":false,"showParticleSystems":false},"in2DMode":false,"pivot":{"x":1762.8504638671875,"y":-23.175731658935548,"z":1958.5567626953125},"rotation":{"x":-0.32239675521850588,"y":-0.4851195812225342,"z":0.1983904391527176,"w":-0.7883210778236389},"size":96.96145629882813,"orthographic":false}