{"cameraMode":{"drawMode":0,"name":"Shaded","section":"Shading Mode"},"sceneLighting":true,"audioPlay":false,"sceneViewState":{"showFog":false,"showMaterialUpdate":false,"showSkybox":false,"showFlares":false,"showImageEffects":false,"showParticleSystems":false},"in2DMode":false,"pivot":{"x":1700.3760986328125,"y":31.11651039123535,"z":1917.29052734375},"rotation":{"x":0.041199736297130588,"y":-0.9459574222564697,"z":0.2929406464099884,"w":0.13307152688503266},"size":19.721492767333986,"orthographic":false}