{"cameraMode":{"drawMode":0,"name":"Shaded","section":"Shading Mode"},"sceneLighting":true,"audioPlay":false,"sceneViewState":{"showFog":false,"showMaterialUpdate":false,"showSkybox":false,"showFlares":false,"showImageEffects":false,"showParticleSystems":false},"in2DMode":false,"pivot":{"x":1719.746826171875,"y":48.68723678588867,"z":1921.7586669921875},"rotation":{"x":0.06786618381738663,"y":0.9313820600509644,"z":-0.2326778769493103,"w":0.2716602683067322},"size":64.97471618652344,"orthographic":false}