{"cameraMode":{"drawMode":0,"name":"Shaded","section":"Shading Mode"},"sceneLighting":true,"audioPlay":false,"sceneViewState":{"showFog":false,"showMaterialUpdate":false,"showSkybox":false,"showFlares":false,"showImageEffects":false,"showParticleSystems":false},"in2DMode":false,"pivot":{"x":1651.224365234375,"y":-12.878706932067871,"z":1870.7711181640625},"rotation":{"x":0.11772608757019043,"y":-0.8746621012687683,"z":0.26512038707733157,"w":0.38838744163513186},"size":118.64622497558594,"orthographic":false}