{"cameraMode":{"drawMode":0,"name":"Shaded","section":"Shading Mode"},"sceneLighting":true,"audioPlay":false,"sceneViewState":{"showFog":false,"showMaterialUpdate":false,"showSkybox":false,"showFlares":false,"showImageEffects":false,"showParticleSystems":false},"in2DMode":false,"pivot":{"x":2072.328125,"y":96.93031311035156,"z":655.4771728515625},"rotation":{"x":0.07044944912195206,"y":0.22104904055595399,"z":-0.016016490757465364,"w":0.9725891947746277},"size":23.957212448120118,"orthographic":false}