{"cameraMode":{"drawMode":0,"name":"Shaded","section":"Shading Mode"},"sceneLighting":true,"audioPlay":false,"sceneViewState":{"showFog":false,"showMaterialUpdate":false,"showSkybox":false,"showFlares":false,"showImageEffects":false,"showParticleSystems":false},"in2DMode":false,"pivot":{"x":1694.8695068359375,"y":24.836551666259767,"z":2130.945068359375},"rotation":{"x":0.018208038061857225,"y":0.9782986640930176,"z":-0.09806820750236511,"w":0.18166299164295197},"size":184.9244384765625,"orthographic":false}