{"cameraMode":{"drawMode":0,"name":"Shaded","section":"Shading Mode"},"sceneLighting":true,"audioPlay":false,"sceneViewState":{"showFog":false,"showMaterialUpdate":false,"showSkybox":false,"showFlares":false,"showImageEffects":false,"showParticleSystems":false},"in2DMode":false,"pivot":{"x":1723.26171875,"y":43.70875549316406,"z":1920.7598876953125},"rotation":{"x":-0.014986122027039528,"y":0.9427221417427063,"z":-0.04274335131049156,"w":-0.33050718903541567},"size":32.02874755859375,"orthographic":false}