{"cameraMode":{"drawMode":0,"name":"Shaded","section":"Shading Mode"},"sceneLighting":true,"audioPlay":false,"sceneViewState":{"showFog":false,"showMaterialUpdate":false,"showSkybox":false,"showFlares":false,"showImageEffects":false,"showParticleSystems":false},"in2DMode":false,"pivot":{"x":14.124856948852539,"y":2.2799994945526125,"z":-14.48189926147461},"rotation":{"x":-0.05492151528596878,"y":0.9412194490432739,"z":-0.18767057359218598,"w":-0.27544650435447695},"size":68.48802947998047,"orthographic":false}