{"cameraMode":{"drawMode":0,"name":"Shaded","section":"Shading Mode"},"sceneLighting":true,"audioPlay":false,"sceneViewState":{"showFog":false,"showMaterialUpdate":false,"showSkybox":false,"showFlares":false,"showImageEffects":false,"showParticleSystems":false},"in2DMode":false,"pivot":{"x":1701.975341796875,"y":78.50997924804688,"z":707.8369750976563},"rotation":{"x":-0.02933318167924881,"y":-0.8361494541168213,"z":-0.04493916407227516,"w":0.5458961129188538},"size":30.675302505493165,"orthographic":false}