{"cameraMode":{"drawMode":0,"name":"Shaded","section":"Shading Mode"},"sceneLighting":true,"audioPlay":false,"sceneViewState":{"showFog":false,"showMaterialUpdate":false,"showSkybox":false,"showFlares":false,"showImageEffects":false,"showParticleSystems":false},"in2DMode":false,"pivot":{"x":101.43614196777344,"y":-259.4811706542969,"z":1402.520263671875},"rotation":{"x":-0.13952332735061646,"y":0.659043550491333,"z":-0.12627556920051576,"w":-0.7281851768493652},"size":2870.739013671875,"orthographic":false}