{"cameraMode":{"drawMode":0,"name":"Shaded","section":"Shading Mode"},"sceneLighting":true,"audioPlay":false,"sceneViewState":{"showFog":false,"showMaterialUpdate":false,"showSkybox":false,"showFlares":false,"showImageEffects":false,"showParticleSystems":false},"in2DMode":false,"pivot":{"x":1675.9393310546875,"y":13.024726867675782,"z":1886.690673828125},"rotation":{"x":-0.06851831823587418,"y":0.930835485458374,"z":-0.23401103913784028,"w":-0.27234357595443728},"size":63.840431213378909,"orthographic":false}