{"cameraMode":{"drawMode":0,"name":"Shaded","section":"Shading Mode"},"sceneLighting":true,"audioPlay":false,"sceneViewState":{"showFog":false,"showMaterialUpdate":false,"showSkybox":false,"showFlares":false,"showImageEffects":false,"showParticleSystems":false},"in2DMode":false,"pivot":{"x":1766.8572998046875,"y":46.35554504394531,"z":1784.150146484375},"rotation":{"x":-0.10037115216255188,"y":-0.36911869049072268,"z":0.040135547518730167,"w":-0.9230751395225525},"size":10.137125015258789,"orthographic":false}