{"cameraMode":{"drawMode":0,"name":"Shaded","section":"Shading Mode"},"sceneLighting":true,"audioPlay":false,"sceneViewState":{"showFog":false,"showMaterialUpdate":false,"showSkybox":false,"showFlares":false,"showImageEffects":false,"showParticleSystems":false},"in2DMode":false,"pivot":{"x":2109.328125,"y":89.44073486328125,"z":706.202880859375},"rotation":{"x":-0.32239675521850588,"y":-0.4851195812225342,"z":0.1983904391527176,"w":-0.7883210778236389},"size":28.797475814819337,"orthographic":false}