{"cameraMode":{"drawMode":0,"name":"Shaded","section":"Shading Mode"},"sceneLighting":true,"audioPlay":false,"sceneViewState":{"showFog":false,"showMaterialUpdate":false,"showSkybox":false,"showFlares":false,"showImageEffects":false,"showParticleSystems":false},"in2DMode":false,"pivot":{"x":1963.58544921875,"y":78.86764526367188,"z":649.238037109375},"rotation":{"x":0.07528089731931687,"y":-0.805137574672699,"z":0.10469607263803482,"w":0.5789244174957275},"size":176.26187133789063,"orthographic":false}