{"cameraMode":{"drawMode":0,"name":"Shaded","section":"Shading Mode"},"sceneLighting":true,"audioPlay":false,"sceneViewState":{"showFog":false,"showMaterialUpdate":false,"showSkybox":false,"showFlares":false,"showImageEffects":false,"showParticleSystems":false},"in2DMode":false,"pivot":{"x":1702.3560791015625,"y":33.86115264892578,"z":1918.0784912109375},"rotation":{"x":0.027674417942762376,"y":-0.9644289612770081,"z":0.23786070942878724,"w":0.11213772743940354},"size":19.30487060546875,"orthographic":false}