{"cameraMode":{"drawMode":0,"name":"Shaded","section":"Shading Mode"},"sceneLighting":true,"audioPlay":false,"sceneViewState":{"showFog":false,"showMaterialUpdate":false,"showSkybox":false,"showFlares":false,"showImageEffects":false,"showParticleSystems":false},"in2DMode":false,"pivot":{"x":312.5323181152344,"y":182.6258087158203,"z":-29.8770751953125},"rotation":{"x":-0.1011795699596405,"y":0.8953885436058044,"z":-0.3453408181667328,"w":-0.2623225748538971},"size":203.2399444580078,"orthographic":false}